Ref;Nombre;Descripción;Validez;Descuento;FechaAlta;Costo;Imagen
PQ01;Madrid ida y vuelta;Descubre Madrid con este paquete perfecto para una escapada completa. Disfruta de vuelos directos ida y vuelta, con cómodos horarios que te permiten aprovechar al máximo tu tiempo en la vibrante capital española.;120;50;23/08/2024;1400;PQ01.jpeg
PQ02;Cruzar el Charco;Escápate a Buenos Aires  y sumérgete en la vibrante vida de la capital argentina. Este paquete incluye vuelos directos;150;30;25/08/2024;1008;PQ02.jpeg
PQ03;Recorrer España;Descubre lo mejor de España en un solo viaje.;30;10;29/08/2024;594;PQ03.jpeg
PQ04;Descubre la Ciudad de Panamá;La Ciudad de Panamá es una vibrante metrópoli que combina historia, cultura y modernidad. Conocida como el "Corazón de las Américas", esta ciudad es famosa por su impresionante Canal, una obra maestra de la ingeniería que conecta el océano Atlántico y el Pacífico.;180;50;01/09/2024;2050;PQ04.jpg
PQ05;Destinos Inolvidables: NY - Madrid;Nueva York, la ciudad que nunca duerme te espera con sus icónicas calles, rascacielos impresionantes y una cultura vibrante. Sumérgete a su vez, en la rica historia y el arte de la capital española, Madrid. Pasea por el majestuoso Parque del Retiro, explora el Museo del Prado y disfruta de la auténtica gastronomía local en sus tapas y mercados.;90;40;25/09/2024;2040;PQ05.jpeg