Ref;Descripcion;SitioWeb
US01;Aerolínea nacional de Argentina que ofrece vuelos directos entre múltiples destinos.;https://www.aerolineas.com.ar
US02;Aerolínea española que ofrece vuelos varios destinos en Europa y América.;https://www.aireuropa.com
US05;Aerolínea panameña con conexiones a varios destinos en América y el Caribe;https://www.copaair.com
US09;Aerolínea española que te conecta con Europa y otros destinos internacionales.;https://www.iberia.com
US12;Ofrecemos vuelos nacionales e internacionales;https://www.latam.com
US17;Viajes exlcusivos entre los destinos más solicitados;http://www.zfly.com